Name,Location,Rating
Supplier1,Location4,1.9619313199765185
Supplier2,Location1,4.843323075156103
Supplier3,Location2,2.775759901260496
Supplier4,Location3,2.757290615044803
Supplier5,Location2,1.5514481367472301
Supplier6,Location3,1.9264301518656661
Supplier7,Location4,3.2719089347224353
