Name,Location,Rating,SetUpCost,Cost Per Unit,Time Per Unit
Supplier1,Location3,3.536723589399345,4665,9,8
Supplier2,Location2,3.20201687023198,4095,5,3
Supplier3,Location4,4.723231214832661,1178,8,9
Supplier4,Location1,2.7198477219165724,2503,4,2
Supplier5,Location3,4.765030670562425,4383,8,7
Supplier6,Location3,4.47043672798011,3035,2,4
Supplier7,Location3,2.4624821739805944,3477,1,8
